,Swatch Name,Image Link,Collection Name,Company
0,CS-10-ALMOND,https://www.andoverfabrics.com/72dpi/72dpi-CS-10-ALMOND.jpg,Century Solids,Andover Fabrics
1,CS-10-AQUA,https://www.andoverfabrics.com/72dpi/72dpi-CS-10-AQUA.jpg,Century Solids,Andover Fabrics
2,CS-10-AQUARIUM,https://www.andoverfabrics.com/72dpi/72dpi-CS-10-AQUARIUM.jpg,Century Solids,Andover Fabrics
3,CS-10-AUBERGINE,https://www.andoverfabrics.com/72dpi/72dpi-CS-10-AUBERGINE.jpg,Century Solids,Andover Fabrics
4,CS-10-BAHAMA,https://www.andoverfabrics.com/72dpi/72dpi-CS-10-BAHAMA.jpg,Century Solids,Andover Fabrics
5,CS-10-BARNROSE,https://www.andoverfabrics.com/72dpi/72dpi-CS-10-BARNROSE.jpg,Century Solids,Andover Fabrics
6,CS-10-BLACK,https://www.andoverfabrics.com/72dpi/72dpi-CS-10-BLACK.jpg,Century Solids,Andover Fabrics
7,CS-10-BLUEBELL,https://www.andoverfabrics.com/72dpi/72dpi-CS-10-BLUEBELL.jpg,Century Solids,Andover Fabrics
8,CS-10-BORDEAUX,https://www.andoverfabrics.com/72dpi/72dpi-CS-10-BORDEAUX.jpg,Century Solids,Andover Fabrics
9,CS-10-BRASS,https://www.andoverfabrics.com/72dpi/72dpi-CS-10-BRASS.jpg,Century Solids,Andover Fabrics
10,CS-10-BUBBLE,https://www.andoverfabrics.com/72dpi/72dpi-CS-10-BUBBLE.jpg,Century Solids,Andover Fabrics
11,CS-10-BUTTER,https://www.andoverfabrics.com/72dpi/72dpi-CS-10-BUTTER.jpg,Century Solids,Andover Fabrics
12,CS-10-BUTTERNUTSQUASH,https://www.andoverfabrics.com/72dpi/72dpi-CS-10-BUTTERNUTSQUASH.jpg,Century Solids,Andover Fabrics
13,CS-10-CAFEAULAIT,https://www.andoverfabrics.com/72dpi/72dpi-CS-10-CAFEAULAIT.jpg,Century Solids,Andover Fabrics
14,CS-10-CARIBBEAN,https://www.andoverfabrics.com/72dpi/72dpi-CS-10-CARIBBEAN.jpg,Century Solids,Andover Fabrics
15,CS-10-CARROT,https://www.andoverfabrics.com/72dpi/72dpi-CS-10-CARROT.jpg,Century Solids,Andover Fabrics
16,CS-10-CHAMBRAYBLUE,https://www.andoverfabrics.com/72dpi/72dpi-CS-10-CHAMBRAYBLUE.jpg,Century Solids,Andover Fabrics
17,CS-10-CHAMPAGNE,https://www.andoverfabrics.com/72dpi/72dpi-CS-10-CHAMPAGNE.jpg,Century Solids,Andover Fabrics
18,CS-10-CHOCOLATE,https://www.andoverfabrics.com/72dpi/72dpi-CS-10-CHOCOLATE.jpg,Century Solids,Andover Fabrics
19,CS-10-CINNAMON,https://www.andoverfabrics.com/72dpi/72dpi-CS-10-CINNAMON.jpg,Century Solids,Andover Fabrics
20,CS-10-CLAY,https://www.andoverfabrics.com/72dpi/72dpi-CS-10-CLAY.jpg,Century Solids,Andover Fabrics
21,CS-10-CLOUD,https://www.andoverfabrics.com/72dpi/72dpi-CS-10-CLOUD.jpg,Century Solids,Andover Fabrics
22,CS-10-COCOA,https://www.andoverfabrics.com/72dpi/72dpi-CS-10-COCOA.jpg,Century Solids,Andover Fabrics
23,CS-10-COFFEEBEAN,https://www.andoverfabrics.com/72dpi/72dpi-CS-10-COFFEEBEAN.jpg,Century Solids,Andover Fabrics
24,CS-10-CORALSUNSET,https://www.andoverfabrics.com/72dpi/72dpi-CS-10-CORALSUNSET.jpg,Century Solids,Andover Fabrics
25,CS-10-CORNSILK,https://www.andoverfabrics.com/72dpi/72dpi-CS-10-CORNSILK.jpg,Century Solids,Andover Fabrics
26,CS-10-COTTONBALL,https://www.andoverfabrics.com/72dpi/72dpi-CS-10-COTTONBALL.jpg,Century Solids,Andover Fabrics
27,CS-10-CREAM,https://www.andoverfabrics.com/72dpi/72dpi-CS-10-CREAM.jpg,Century Solids,Andover Fabrics
28,CS-10-DAWN,https://www.andoverfabrics.com/72dpi/72dpi-CS-10-DAWN.jpg,Century Solids,Andover Fabrics
29,CS-10-DENIM,https://www.andoverfabrics.com/72dpi/72dpi-CS-10-DENIM.jpg,Century Solids,Andover Fabrics
30,CS-10-EARTH,https://www.andoverfabrics.com/72dpi/72dpi-CS-10-EARTH.jpg,Century Solids,Andover Fabrics
31,CS-10-EMERALD,https://www.andoverfabrics.com/72dpi/72dpi-CS-10-EMERALD.jpg,Century Solids,Andover Fabrics
32,CS-10-FADED,https://www.andoverfabrics.com/72dpi/72dpi-CS-10-FADED.jpg,Century Solids,Andover Fabrics
33,CS-10-FLAX,https://www.andoverfabrics.com/72dpi/72dpi-CS-10-FLAX.jpg,Century Solids,Andover Fabrics
34,CS-10-GINGER,https://www.andoverfabrics.com/72dpi/72dpi-CS-10-GINGER.jpg,Century Solids,Andover Fabrics
35,CS-10-GIRLYGIRL,https://www.andoverfabrics.com/72dpi/72dpi-CS-10-GIRLYGIRL.jpg,Century Solids,Andover Fabrics
36,CS-10-GOLDENROD,https://www.andoverfabrics.com/72dpi/72dpi-CS-10-GOLDENROD.jpg,Century Solids,Andover Fabrics
37,CS-10-GRAPHITE,https://www.andoverfabrics.com/72dpi/72dpi-CS-10-GRAPHITE.jpg,Century Solids,Andover Fabrics
38,CS-10-GUACAMOLE,https://www.andoverfabrics.com/72dpi/72dpi-CS-10-GUACAMOLE.jpg,Century Solids,Andover Fabrics
39,CS-10-GUAVAPUNCH,https://www.andoverfabrics.com/72dpi/72dpi-CS-10-GUAVAPUNCH.jpg,Century Solids,Andover Fabrics
40,CS-10-GUNMETAL,https://www.andoverfabrics.com/72dpi/72dpi-CS-10-GUNMETAL.jpg,Century Solids,Andover Fabrics
41,CS-10-HUNTER,https://www.andoverfabrics.com/72dpi/72dpi-CS-10-HUNTER.jpg,Century Solids,Andover Fabrics
42,CS-10-ICING,https://www.andoverfabrics.com/72dpi/72dpi-CS-10-ICING.jpg,Century Solids,Andover Fabrics
43,CS-10-ISLE,https://www.andoverfabrics.com/72dpi/72dpi-CS-10-ISLE.jpg,Century Solids,Andover Fabrics
44,CS-10-IVORY,https://www.andoverfabrics.com/72dpi/72dpi-CS-10-IVORY.jpg,Century Solids,Andover Fabrics
45,CS-10-JADE,https://www.andoverfabrics.com/72dpi/72dpi-CS-10-JADE.jpg,Century Solids,Andover Fabrics
46,CS-10-JALAPENO,https://www.andoverfabrics.com/72dpi/72dpi-CS-10-JALAPENO.jpg,Century Solids,Andover Fabrics
47,CS-10-JAM,https://www.andoverfabrics.com/72dpi/72dpi-CS-10-JAM.jpg,Century Solids,Andover Fabrics
48,CS-10-LAGOON,https://www.andoverfabrics.com/72dpi/72dpi-CS-10-LAGOON.jpg,Century Solids,Andover Fabrics
49,CS-10-LEAF,https://www.andoverfabrics.com/72dpi/72dpi-CS-10-LEAF.jpg,Century Solids,Andover Fabrics
50,CS-10-LILAC,https://www.andoverfabrics.com/72dpi/72dpi-CS-10-LILAC.jpg,Century Solids,Andover Fabrics
51,CS-10-MANGO,https://www.andoverfabrics.com/72dpi/72dpi-CS-10-MANGO.jpg,Century Solids,Andover Fabrics
52,CS-10-MARGARITA,https://www.andoverfabrics.com/72dpi/72dpi-CS-10-MARGARITA.jpg,Century Solids,Andover Fabrics
53,CS-10-MOONLIGHT,https://www.andoverfabrics.com/72dpi/72dpi-CS-10-MOONLIGHT.jpg,Century Solids,Andover Fabrics
54,CS-10-MULBERRY,https://www.andoverfabrics.com/72dpi/72dpi-CS-10-MULBERRY.jpg,Century Solids,Andover Fabrics
55,CS-10-NAVY,https://www.andoverfabrics.com/72dpi/72dpi-CS-10-NAVY.jpg,Century Solids,Andover Fabrics
56,CS-10-OATMEAL,https://www.andoverfabrics.com/72dpi/72dpi-CS-10-OATMEAL.jpg,Century Solids,Andover Fabrics
57,CS-10-ORCHID,https://www.andoverfabrics.com/72dpi/72dpi-CS-10-ORCHID.jpg,Century Solids,Andover Fabrics
58,CS-10-OYSTER,https://www.andoverfabrics.com/72dpi/72dpi-CS-10-OYSTER.jpg,Century Solids,Andover Fabrics
59,CS-10-PAPAYA,https://www.andoverfabrics.com/72dpi/72dpi-CS-10-PAPAYA.jpg,Century Solids,Andover Fabrics
60,CS-10-PAPRIKA,https://www.andoverfabrics.com/72dpi/72dpi-CS-10-PAPRIKA.jpg,Century Solids,Andover Fabrics
61,CS-10-PASSION,https://www.andoverfabrics.com/72dpi/72dpi-CS-10-PASSION.jpg,Century Solids,Andover Fabrics
62,CS-10-PEACH,https://www.andoverfabrics.com/72dpi/72dpi-CS-10-PEACH.jpg,Century Solids,Andover Fabrics
63,CS-10-PEACOCK,https://www.andoverfabrics.com/72dpi/72dpi-CS-10-PEACOCK.jpg,Century Solids,Andover Fabrics
64,CS-10-PEAR,https://www.andoverfabrics.com/72dpi/72dpi-CS-10-PEAR.jpg,Century Solids,Andover Fabrics
65,CS-10-PERIWINKLE,https://www.andoverfabrics.com/72dpi/72dpi-CS-10-PERIWINKLE.jpg,Century Solids,Andover Fabrics
66,CS-10-PICKLE,https://www.andoverfabrics.com/72dpi/72dpi-CS-10-PICKLE.jpg,Century Solids,Andover Fabrics
67,CS-10-PINKLEMONADE,https://www.andoverfabrics.com/72dpi/72dpi-CS-10-PINKLEMONADE.jpg,Century Solids,Andover Fabrics
68,CS-10-PISTACHIO,https://www.andoverfabrics.com/72dpi/72dpi-CS-10-PISTACHIO.jpg,Century Solids,Andover Fabrics
69,CS-10-PLUM,https://www.andoverfabrics.com/72dpi/72dpi-CS-10-PLUM.jpg,Century Solids,Andover Fabrics
70,CS-10-POOL,https://www.andoverfabrics.com/72dpi/72dpi-CS-10-POOL.jpg,Century Solids,Andover Fabrics
71,CS-10-POWDER,https://www.andoverfabrics.com/72dpi/72dpi-CS-10-POWDER.jpg,Century Solids,Andover Fabrics
72,CS-10-PRESSEDFLOWER,https://www.andoverfabrics.com/72dpi/72dpi-CS-10-PRESSEDFLOWER.jpg,Century Solids,Andover Fabrics
73,CS-10-RASPBERRY,https://www.andoverfabrics.com/72dpi/72dpi-CS-10-RASPBERRY.jpg,Century Solids,Andover Fabrics
74,CS-10-RED,https://www.andoverfabrics.com/72dpi/72dpi-CS-10-RED.jpg,Century Solids,Andover Fabrics
75,CS-10-REDWOOD,https://www.andoverfabrics.com/72dpi/72dpi-CS-10-REDWOOD.jpg,Century Solids,Andover Fabrics
76,CS-10-SAFFRON,https://www.andoverfabrics.com/72dpi/72dpi-CS-10-SAFFRON.jpg,Century Solids,Andover Fabrics
77,CS-10-SAGE,https://www.andoverfabrics.com/72dpi/72dpi-CS-10-SAGE.jpg,Century Solids,Andover Fabrics
78,CS-10-SAILING,https://www.andoverfabrics.com/72dpi/72dpi-CS-10-SAILING.jpg,Century Solids,Andover Fabrics
79,CS-10-SAPPHIRE,https://www.andoverfabrics.com/72dpi/72dpi-CS-10-SAPPHIRE.jpg,Century Solids,Andover Fabrics
80,CS-10-SKY,https://www.andoverfabrics.com/72dpi/72dpi-CS-10-SKY.jpg,Century Solids,Andover Fabrics
81,CS-10-SLIPPER,https://www.andoverfabrics.com/72dpi/72dpi-CS-10-SLIPPER.jpg,Century Solids,Andover Fabrics
82,CS-10-SMOKE,https://www.andoverfabrics.com/72dpi/72dpi-CS-10-SMOKE.jpg,Century Solids,Andover Fabrics
83,CS-10-SNOW,https://www.andoverfabrics.com/72dpi/72dpi-CS-10-SNOW.jpg,Century Solids,Andover Fabrics
84,CS-10-SPICE,https://www.andoverfabrics.com/72dpi/72dpi-CS-10-SPICE.jpg,Century Solids,Andover Fabrics
85,CS-10-SPRING,https://www.andoverfabrics.com/72dpi/72dpi-CS-10-SPRING.jpg,Century Solids,Andover Fabrics
86,CS-10-STORM,https://www.andoverfabrics.com/72dpi/72dpi-CS-10-STORM.jpg,Century Solids,Andover Fabrics
87,CS-10-STRAWBERRY,https://www.andoverfabrics.com/72dpi/72dpi-CS-10-STRAWBERRY.jpg,Century Solids,Andover Fabrics
88,CS-10-SUGAR,https://www.andoverfabrics.com/72dpi/72dpi-CS-10-SUGAR.jpg,Century Solids,Andover Fabrics
89,CS-10-SULPHUR,https://www.andoverfabrics.com/72dpi/72dpi-CS-10-SULPHUR.jpg,Century Solids,Andover Fabrics
90,CS-10-SUNSHINE,https://www.andoverfabrics.com/72dpi/72dpi-CS-10-SUNSHINE.jpg,Century Solids,Andover Fabrics
91,CS-10-TEAL,https://www.andoverfabrics.com/72dpi/72dpi-CS-10-TEAL.jpg,Century Solids,Andover Fabrics
92,CS-10-TERRACOTTA,https://www.andoverfabrics.com/72dpi/72dpi-CS-10-TERRACOTTA.jpg,Century Solids,Andover Fabrics
93,CS-10-TRUFFLE,https://www.andoverfabrics.com/72dpi/72dpi-CS-10-TRUFFLE.jpg,Century Solids,Andover Fabrics
94,CS-10-TURQUOISE,https://www.andoverfabrics.com/72dpi/72dpi-CS-10-TURQUOISE.jpg,Century Solids,Andover Fabrics
95,CS-10-UNIFORM,https://www.andoverfabrics.com/72dpi/72dpi-CS-10-UNIFORM.jpg,Century Solids,Andover Fabrics
96,CS-10-WATER,https://www.andoverfabrics.com/72dpi/72dpi-CS-10-WATER.jpg,Century Solids,Andover Fabrics
97,CS-10-WHISPER,https://www.andoverfabrics.com/72dpi/72dpi-CS-10-WHISPER.jpg,Century Solids,Andover Fabrics
98,CS-10-WINE,https://www.andoverfabrics.com/72dpi/72dpi-CS-10-WINE.jpg,Century Solids,Andover Fabrics
99,CS-10-WISTERIA,https://www.andoverfabrics.com/72dpi/72dpi-CS-10-WISTERIA.jpg,Century Solids,Andover Fabrics
100,CS-10-AUBERGINE,https://www.andoverfabrics.com/72dpi/72dpi-CS-10-AUBERGINE.jpg,Century Solids - Berry,Andover Fabrics
101,CS-10-BORDEAUX,https://www.andoverfabrics.com/72dpi/72dpi-CS-10-BORDEAUX.jpg,Century Solids - Berry,Andover Fabrics
102,CS-10-WINE,https://www.andoverfabrics.com/72dpi/72dpi-CS-10-WINE.jpg,Century Solids - Berry,Andover Fabrics
103,CS-10-TERRACOTTA,https://www.andoverfabrics.com/72dpi/72dpi-CS-10-TERRACOTTA.jpg,Century Solids - Berry,Andover Fabrics
104,CS-10-REDWOOD,https://www.andoverfabrics.com/72dpi/72dpi-CS-10-REDWOOD.jpg,Century Solids - Berry,Andover Fabrics
105,CS-10-BARNROSE,https://www.andoverfabrics.com/72dpi/72dpi-CS-10-BARNROSE.jpg,Century Solids - Berry,Andover Fabrics
106,CS-10-RED,https://www.andoverfabrics.com/72dpi/72dpi-CS-10-RED.jpg,Century Solids - Berry,Andover Fabrics
107,CS-10-STRAWBERRY,https://www.andoverfabrics.com/72dpi/72dpi-CS-10-STRAWBERRY.jpg,Century Solids - Berry,Andover Fabrics
108,CS-10-DAWN,https://www.andoverfabrics.com/72dpi/72dpi-CS-10-DAWN.jpg,Century Solids - Berry,Andover Fabrics
109,CS-10-PINKLEMONADE,https://www.andoverfabrics.com/72dpi/72dpi-CS-10-PINKLEMONADE.jpg,Century Solids - Berry,Andover Fabrics
110,CS-10-SLIPPER,https://www.andoverfabrics.com/72dpi/72dpi-CS-10-SLIPPER.jpg,Century Solids - Berry,Andover Fabrics
111,CS-10-SUGAR,https://www.andoverfabrics.com/72dpi/72dpi-CS-10-SUGAR.jpg,Century Solids - Berry,Andover Fabrics
112,CS-10-BUBBLE,https://www.andoverfabrics.com/72dpi/72dpi-CS-10-BUBBLE.jpg,Century Solids - Berry,Andover Fabrics
113,CS-10-GIRLYGIRL,https://www.andoverfabrics.com/72dpi/72dpi-CS-10-GIRLYGIRL.jpg,Century Solids - Berry,Andover Fabrics
114,CS-10-PASSION,https://www.andoverfabrics.com/72dpi/72dpi-CS-10-PASSION.jpg,Century Solids - Berry,Andover Fabrics
115,CS-10-RASPBERRY,https://www.andoverfabrics.com/72dpi/72dpi-CS-10-RASPBERRY.jpg,Century Solids - Berry,Andover Fabrics
116,CS-10-ORCHID,https://www.andoverfabrics.com/72dpi/72dpi-CS-10-ORCHID.jpg,Century Solids - Berry,Andover Fabrics
117,CS-10-MULBERRY,https://www.andoverfabrics.com/72dpi/72dpi-CS-10-MULBERRY.jpg,Century Solids - Berry,Andover Fabrics
118,CS-10-PRESSEDFLOWER,https://www.andoverfabrics.com/72dpi/72dpi-CS-10-PRESSEDFLOWER.jpg,Century Solids - Berry,Andover Fabrics
119,CS-10-PLUM,https://www.andoverfabrics.com/72dpi/72dpi-CS-10-PLUM.jpg,Century Solids - Berry,Andover Fabrics
120,CS-10-WHISPER,https://www.andoverfabrics.com/72dpi/72dpi-CS-10-WHISPER.jpg,Century Solids - Berry,Andover Fabrics
121,CS-10-LILAC,https://www.andoverfabrics.com/72dpi/72dpi-CS-10-LILAC.jpg,Century Solids - Berry,Andover Fabrics
122,CS-10-JAM,https://www.andoverfabrics.com/72dpi/72dpi-CS-10-JAM.jpg,Century Solids - Berry,Andover Fabrics
123,CS-10-WISTERIA,https://www.andoverfabrics.com/72dpi/72dpi-CS-10-WISTERIA.jpg,Century Solids - Berry,Andover Fabrics
124,CS-10-PERIWINKLE,https://www.andoverfabrics.com/72dpi/72dpi-CS-10-PERIWINKLE.jpg,Century Solids - Berry,Andover Fabrics
125,CS-10-CLAY,https://www.andoverfabrics.com/72dpi/72dpi-CS-10-CLAY.jpg,Century Solids - Citrus,Andover Fabrics
126,CS-10-PEACH,https://www.andoverfabrics.com/72dpi/72dpi-CS-10-PEACH.jpg,Century Solids - Citrus,Andover Fabrics
127,CS-10-CORALSUNSET,https://www.andoverfabrics.com/72dpi/72dpi-CS-10-CORALSUNSET.jpg,Century Solids - Citrus,Andover Fabrics
128,CS-10-GUAVAPUNCH,https://www.andoverfabrics.com/72dpi/72dpi-CS-10-GUAVAPUNCH.jpg,Century Solids - Citrus,Andover Fabrics
129,CS-10-PAPRIKA,https://www.andoverfabrics.com/72dpi/72dpi-CS-10-PAPRIKA.jpg,Century Solids - Citrus,Andover Fabrics
130,CS-10-CARROT,https://www.andoverfabrics.com/72dpi/72dpi-CS-10-CARROT.jpg,Century Solids - Citrus,Andover Fabrics
131,CS-10-PAPAYA,https://www.andoverfabrics.com/72dpi/72dpi-CS-10-PAPAYA.jpg,Century Solids - Citrus,Andover Fabrics
132,CS-10-SPICE,https://www.andoverfabrics.com/72dpi/72dpi-CS-10-SPICE.jpg,Century Solids - Citrus,Andover Fabrics
133,CS-10-GINGER,https://www.andoverfabrics.com/72dpi/72dpi-CS-10-GINGER.jpg,Century Solids - Citrus,Andover Fabrics
134,CS-10-BUTTERNUTSQUASH,https://www.andoverfabrics.com/72dpi/72dpi-CS-10-BUTTERNUTSQUASH.jpg,Century Solids - Citrus,Andover Fabrics
135,CS-10-MANGO,https://www.andoverfabrics.com/72dpi/72dpi-CS-10-MANGO.jpg,Century Solids - Citrus,Andover Fabrics
136,CS-10-GOLDENROD,https://www.andoverfabrics.com/72dpi/72dpi-CS-10-GOLDENROD.jpg,Century Solids - Citrus,Andover Fabrics
137,CS-10-SAFFRON,https://www.andoverfabrics.com/72dpi/72dpi-CS-10-SAFFRON.jpg,Century Solids - Citrus,Andover Fabrics
138,CS-10-SUNSHINE,https://www.andoverfabrics.com/72dpi/72dpi-CS-10-SUNSHINE.jpg,Century Solids - Citrus,Andover Fabrics
139,CS-10-BUTTER,https://www.andoverfabrics.com/72dpi/72dpi-CS-10-BUTTER.jpg,Century Solids - Citrus,Andover Fabrics
140,CS-10-CORNSILK,https://www.andoverfabrics.com/72dpi/72dpi-CS-10-CORNSILK.jpg,Century Solids - Citrus,Andover Fabrics
141,CS-10-FLAX,https://www.andoverfabrics.com/72dpi/72dpi-CS-10-FLAX.jpg,Century Solids - Citrus,Andover Fabrics
142,CS-10-SULPHUR,https://www.andoverfabrics.com/72dpi/72dpi-CS-10-SULPHUR.jpg,Century Solids - Citrus,Andover Fabrics
143,CS-10-MARGARITA,https://www.andoverfabrics.com/72dpi/72dpi-CS-10-MARGARITA.jpg,Century Solids - Citrus,Andover Fabrics
144,CS-10-SPRING,https://www.andoverfabrics.com/72dpi/72dpi-CS-10-SPRING.jpg,Century Solids - Citrus,Andover Fabrics
145,CS-10-PEAR,https://www.andoverfabrics.com/72dpi/72dpi-CS-10-PEAR.jpg,Century Solids - Citrus,Andover Fabrics
146,CS-10-GUACAMOLE,https://www.andoverfabrics.com/72dpi/72dpi-CS-10-GUACAMOLE.jpg,Century Solids - Citrus,Andover Fabrics
147,CS-10-LEAF,https://www.andoverfabrics.com/72dpi/72dpi-CS-10-LEAF.jpg,Century Solids - Citrus,Andover Fabrics
148,CS-10-JALAPENO,https://www.andoverfabrics.com/72dpi/72dpi-CS-10-JALAPENO.jpg,Century Solids - Citrus,Andover Fabrics
149,CS-10-BRASS,https://www.andoverfabrics.com/72dpi/72dpi-CS-10-BRASS.jpg,Century Solids - Citrus,Andover Fabrics
150,CS-10-SKY,https://www.andoverfabrics.com/72dpi/72dpi-CS-10-SKY.jpg,Century Solids - Neutral,Andover Fabrics
151,CS-10-POWDER,https://www.andoverfabrics.com/72dpi/72dpi-CS-10-POWDER.jpg,Century Solids - Neutral,Andover Fabrics
152,CS-10-MOONLIGHT,https://www.andoverfabrics.com/72dpi/72dpi-CS-10-MOONLIGHT.jpg,Century Solids - Neutral,Andover Fabrics
153,CS-10-GRAPHITE,https://www.andoverfabrics.com/72dpi/72dpi-CS-10-GRAPHITE.jpg,Century Solids - Neutral,Andover Fabrics
154,CS-10-UNIFORM,https://www.andoverfabrics.com/72dpi/72dpi-CS-10-UNIFORM.jpg,Century Solids - Neutral,Andover Fabrics
155,CS-10-BLACK,https://www.andoverfabrics.com/72dpi/72dpi-CS-10-BLACK.jpg,Century Solids - Neutral,Andover Fabrics
156,CS-10-GUNMETAL,https://www.andoverfabrics.com/72dpi/72dpi-CS-10-GUNMETAL.jpg,Century Solids - Neutral,Andover Fabrics
157,CS-10-STORM,https://www.andoverfabrics.com/72dpi/72dpi-CS-10-STORM.jpg,Century Solids - Neutral,Andover Fabrics
158,CS-10-SMOKE,https://www.andoverfabrics.com/72dpi/72dpi-CS-10-SMOKE.jpg,Century Solids - Neutral,Andover Fabrics
159,CS-10-CLOUD,https://www.andoverfabrics.com/72dpi/72dpi-CS-10-CLOUD.jpg,Century Solids - Neutral,Andover Fabrics
160,CS-10-COTTONBALL,https://www.andoverfabrics.com/72dpi/72dpi-CS-10-COTTONBALL.jpg,Century Solids - Neutral,Andover Fabrics
161,CS-10-SNOW,https://www.andoverfabrics.com/72dpi/72dpi-CS-10-SNOW.jpg,Century Solids - Neutral,Andover Fabrics
162,CS-10-CREAM,https://www.andoverfabrics.com/72dpi/72dpi-CS-10-CREAM.jpg,Century Solids - Neutral,Andover Fabrics
163,CS-10-IVORY,https://www.andoverfabrics.com/72dpi/72dpi-CS-10-IVORY.jpg,Century Solids - Neutral,Andover Fabrics
164,CS-10-ALMOND,https://www.andoverfabrics.com/72dpi/72dpi-CS-10-ALMOND.jpg,Century Solids - Neutral,Andover Fabrics
165,CS-10-OATMEAL,https://www.andoverfabrics.com/72dpi/72dpi-CS-10-OATMEAL.jpg,Century Solids - Neutral,Andover Fabrics
166,CS-10-CHAMPAGNE,https://www.andoverfabrics.com/72dpi/72dpi-CS-10-CHAMPAGNE.jpg,Century Solids - Neutral,Andover Fabrics
167,CS-10-OYSTER,https://www.andoverfabrics.com/72dpi/72dpi-CS-10-OYSTER.jpg,Century Solids - Neutral,Andover Fabrics
168,CS-10-CAFEAULAIT,https://www.andoverfabrics.com/72dpi/72dpi-CS-10-CAFEAULAIT.jpg,Century Solids - Neutral,Andover Fabrics
169,CS-10-CINNAMON,https://www.andoverfabrics.com/72dpi/72dpi-CS-10-CINNAMON.jpg,Century Solids - Neutral,Andover Fabrics
170,CS-10-COCOA,https://www.andoverfabrics.com/72dpi/72dpi-CS-10-COCOA.jpg,Century Solids - Neutral,Andover Fabrics
171,CS-10-CHOCOLATE,https://www.andoverfabrics.com/72dpi/72dpi-CS-10-CHOCOLATE.jpg,Century Solids - Neutral,Andover Fabrics
172,CS-10-COFFEEBEAN,https://www.andoverfabrics.com/72dpi/72dpi-CS-10-COFFEEBEAN.jpg,Century Solids - Neutral,Andover Fabrics
173,CS-10-EARTH,https://www.andoverfabrics.com/72dpi/72dpi-CS-10-EARTH.jpg,Century Solids - Neutral,Andover Fabrics
174,CS-10-TRUFFLE,https://www.andoverfabrics.com/72dpi/72dpi-CS-10-TRUFFLE.jpg,Century Solids - Neutral,Andover Fabrics
175,CS-10-NAVY,https://www.andoverfabrics.com/72dpi/72dpi-CS-10-NAVY.jpg,Century Solids - Ocean,Andover Fabrics
176,CS-10-SAPPHIRE,https://www.andoverfabrics.com/72dpi/72dpi-CS-10-SAPPHIRE.jpg,Century Solids - Ocean,Andover Fabrics
177,CS-10-DENIM,https://www.andoverfabrics.com/72dpi/72dpi-CS-10-DENIM.jpg,Century Solids - Ocean,Andover Fabrics
178,CS-10-BLUEBELL,https://www.andoverfabrics.com/72dpi/72dpi-CS-10-BLUEBELL.jpg,Century Solids - Ocean,Andover Fabrics
179,CS-10-ICING,https://www.andoverfabrics.com/72dpi/72dpi-CS-10-ICING.jpg,Century Solids - Ocean,Andover Fabrics
180,CS-10-CHAMBRAYBLUE,https://www.andoverfabrics.com/72dpi/72dpi-CS-10-CHAMBRAYBLUE.jpg,Century Solids - Ocean,Andover Fabrics
181,CS-10-SAILING,https://www.andoverfabrics.com/72dpi/72dpi-CS-10-SAILING.jpg,Century Solids - Ocean,Andover Fabrics
182,CS-10-CARIBBEAN,https://www.andoverfabrics.com/72dpi/72dpi-CS-10-CARIBBEAN.jpg,Century Solids - Ocean,Andover Fabrics
183,CS-10-POOL,https://www.andoverfabrics.com/72dpi/72dpi-CS-10-POOL.jpg,Century Solids - Ocean,Andover Fabrics
184,CS-10-WATER,https://www.andoverfabrics.com/72dpi/72dpi-CS-10-WATER.jpg,Century Solids - Ocean,Andover Fabrics
185,CS-10-FADED,https://www.andoverfabrics.com/72dpi/72dpi-CS-10-FADED.jpg,Century Solids - Ocean,Andover Fabrics
186,CS-10-AQUA,https://www.andoverfabrics.com/72dpi/72dpi-CS-10-AQUA.jpg,Century Solids - Ocean,Andover Fabrics
187,CS-10-AQUARIUM,https://www.andoverfabrics.com/72dpi/72dpi-CS-10-AQUARIUM.jpg,Century Solids - Ocean,Andover Fabrics
188,CS-10-TEAL,https://www.andoverfabrics.com/72dpi/72dpi-CS-10-TEAL.jpg,Century Solids - Ocean,Andover Fabrics
189,CS-10-TURQUOISE,https://www.andoverfabrics.com/72dpi/72dpi-CS-10-TURQUOISE.jpg,Century Solids - Ocean,Andover Fabrics
190,CS-10-BAHAMA,https://www.andoverfabrics.com/72dpi/72dpi-CS-10-BAHAMA.jpg,Century Solids - Ocean,Andover Fabrics
191,CS-10-PEACOCK,https://www.andoverfabrics.com/72dpi/72dpi-CS-10-PEACOCK.jpg,Century Solids - Ocean,Andover Fabrics
192,CS-10-ISLE,https://www.andoverfabrics.com/72dpi/72dpi-CS-10-ISLE.jpg,Century Solids - Ocean,Andover Fabrics
193,CS-10-LAGOON,https://www.andoverfabrics.com/72dpi/72dpi-CS-10-LAGOON.jpg,Century Solids - Ocean,Andover Fabrics
194,CS-10-HUNTER,https://www.andoverfabrics.com/72dpi/72dpi-CS-10-HUNTER.jpg,Century Solids - Ocean,Andover Fabrics
195,CS-10-EMERALD,https://www.andoverfabrics.com/72dpi/72dpi-CS-10-EMERALD.jpg,Century Solids - Ocean,Andover Fabrics
196,CS-10-PICKLE,https://www.andoverfabrics.com/72dpi/72dpi-CS-10-PICKLE.jpg,Century Solids - Ocean,Andover Fabrics
197,CS-10-JADE,https://www.andoverfabrics.com/72dpi/72dpi-CS-10-JADE.jpg,Century Solids - Ocean,Andover Fabrics
198,CS-10-SAGE,https://www.andoverfabrics.com/72dpi/72dpi-CS-10-SAGE.jpg,Century Solids - Ocean,Andover Fabrics
199,CS-10-PISTACHIO,https://www.andoverfabrics.com/72dpi/72dpi-CS-10-PISTACHIO.jpg,Century Solids - Ocean,Andover Fabrics
200,CS-10-BERRY,https://www.andoverfabrics.com/72dpi/72dpi-CS-10-BERRY.jpg,Laundry Basket Quilts Century Solids,Andover Fabrics
201,CS-10-DEWDROP,https://www.andoverfabrics.com/72dpi/72dpi-CS-10-DEWDROP.jpg,Laundry Basket Quilts Century Solids,Andover Fabrics
202,CS-10-FOG,https://www.andoverfabrics.com/72dpi/72dpi-CS-10-FOG.jpg,Laundry Basket Quilts Century Solids,Andover Fabrics
203,CS-10-GLACIER,https://www.andoverfabrics.com/72dpi/72dpi-CS-10-GLACIER.jpg,Laundry Basket Quilts Century Solids,Andover Fabrics
204,CS-10-HONEYCOMB,https://www.andoverfabrics.com/72dpi/72dpi-CS-10-HONEYCOMB.jpg,Laundry Basket Quilts Century Solids,Andover Fabrics
205,CS-10-HUMMINGBIRD,https://www.andoverfabrics.com/72dpi/72dpi-CS-10-HUMMINGBIRD.jpg,Laundry Basket Quilts Century Solids,Andover Fabrics
206,CS-10-JUNIPER,https://www.andoverfabrics.com/72dpi/72dpi-CS-10-JUNIPER.jpg,Laundry Basket Quilts Century Solids,Andover Fabrics
207,CS-10-MARIGOLD,https://www.andoverfabrics.com/72dpi/72dpi-CS-10-MARIGOLD.jpg,Laundry Basket Quilts Century Solids,Andover Fabrics
208,CS-10-MARINE,https://www.andoverfabrics.com/72dpi/72dpi-CS-10-MARINE.jpg,Laundry Basket Quilts Century Solids,Andover Fabrics
209,CS-10-PINKBLOOM,https://www.andoverfabrics.com/72dpi/72dpi-CS-10-PINKBLOOM.jpg,Laundry Basket Quilts Century Solids,Andover Fabrics
210,CS-10-RHUBARB,https://www.andoverfabrics.com/72dpi/72dpi-CS-10-RHUBARB.jpg,Laundry Basket Quilts Century Solids,Andover Fabrics
211,CS-10-ROSEBLUSH,https://www.andoverfabrics.com/72dpi/72dpi-CS-10-ROSEBLUSH.jpg,Laundry Basket Quilts Century Solids,Andover Fabrics
212,CS-10-ROSEMARY,https://www.andoverfabrics.com/72dpi/72dpi-CS-10-ROSEMARY.jpg,Laundry Basket Quilts Century Solids,Andover Fabrics
213,CS-10-RUBY,https://www.andoverfabrics.com/72dpi/72dpi-CS-10-RUBY.jpg,Laundry Basket Quilts Century Solids,Andover Fabrics
214,CS-10-SAGEBRUSH,https://www.andoverfabrics.com/72dpi/72dpi-CS-10-SAGEBRUSH.jpg,Laundry Basket Quilts Century Solids,Andover Fabrics
215,CS-10-SANDDOLLAR,https://www.andoverfabrics.com/72dpi/72dpi-CS-10-SANDDOLLAR.jpg,Laundry Basket Quilts Century Solids,Andover Fabrics
216,CS-10-SECRETMEADOW,https://www.andoverfabrics.com/72dpi/72dpi-CS-10-SECRETMEADOW.jpg,Laundry Basket Quilts Century Solids,Andover Fabrics
217,CS-10-SUNNYGLOW,https://www.andoverfabrics.com/72dpi/72dpi-CS-10-SUNNYGLOW.jpg,Laundry Basket Quilts Century Solids,Andover Fabrics
